TITLE,DATE
"
			걸그룹 하나 만들기, 30억 든다
		",2022.12.27. 오전 12:30
"
			배용준, 홈페이지 운영 중단에 은퇴설 “박수진과 하와이 거주”
		",2022.11.14. 오후 2:05
"
			SM, 첫 지속가능경영보고서 발간…“최고의 문화콘텐츠 선보이는 것”
		",2022.11.11. 오전 11:46
"
			'스맨파' 첫 탈락에 심사위원 향한 악플…보아 측 ""고소 준비""
		",2022.09.21. 오후 5:40
"
			강타·정유미, 올가을에 결혼?…양측 ""결정된 바 없다""
		",2022.05.27. 오후 3:37
"
			크러쉬·레드벨벳 조이 열애설 인정…“최근 호감 갖고 만나기 시작”
		",2021.08.23. 오전 10:52
"
			SM A&amp;R직원, 엑소·보아 곡에 아내 작사가로 몰래 올려…“부적절 업무 징계”
		",2021.05.06. 오후 9:50
"
			샤이니 태민, 5월 31일 입대한다…“나의 1막 돌이켜보는 느낌”
		",2021.04.20. 오전 10:33
"
			태연, 라비와 열애설 부인 ""친한 선후배 사이""
		",2020.12.27. 오후 1:34
"
			일간지 인턴기자 윤아냐, 서울청 특수팀 형사 설현이냐
		",2020.12.15. 오전 12:03
"
			'김준수 출연' 청원에 KBS ""의사 안밝혔는데 어떻게 섭외해요""
		",2020.12.14. 오후 8:12
"
			tvN '낮과밤' 설현 vs JTBC '허쉬' 윤아, 이번엔 누가 웃을까
		",2020.12.14. 오후 4:41
"
			데뷔 20년 보아 “나훈아 선생님 무대 보고 반성…난 아기더라”
		",2020.12.02. 오전 12:03
"
			데뷔 20주년 '아시아의 별' 보아 '""아직 아기…30주년이 목표""
		",2020.12.01. 오후 4:38
"
			엑소 첸, 득녀 반년 만에 입대 ""더 성장하겠다""
		",2020.10.27. 오전 12:59
"
			아이린 “어리석은 태도와 경솔한 언행으로 상처줬다”…갑질 인정
		",2020.10.22. 오후 10:16
"
			슈퍼엠 “빌보드 1위로 데뷔 부담…어려운 시기 희망 되길”
		",2020.09.25. 오후 1:26
"
			아직도 주말극 황태자로 보이니? ‘악의 꽃’으로 깨어난 김지훈
		",2020.09.19. 오전 10:30
"
			수영·티파니·서현 빼고···소녀시대 멤버 다섯명 SM과 재계약
		",2020.09.08. 오후 3:32
"
			샤이니 온유, 제대 ""좋은 모습으로 찾아뵙겠다""
		",2020.07.20. 오전 11:41
"
			동방신기 최강창민 9월 결혼 “앞으로 인생 함께 하고픈 사람”
		",2020.06.12. 오후 4:51
"
			BTS 정국 등 4명, 이태원 주점갔다 코로나 검사…소속사 사과
		",2020.05.18. 오후 3:32
"
			다음달 결혼하는 이연희, 차기작은 7월 공개될 SF드라마
		",2020.05.15. 오후 6:12
"
			슈퍼엠은 네이버 브이라이브, 트와이스는 유튜브 오리지널, 왜?
		",2020.04.29. 오후 3:58
"
			유노윤호, 마스크 디자인 특허 출원…“음료 섭취 가능”
		",2020.03.26. 오후 7:46
"
			대만계 미국인 엠버, 美 사재기에 ""살아남기 위해 서로 밟지 말자""
		",2020.03.18. 오전 1:05
"
			'결혼 발표' 엑소 첸 탈퇴 요구에…SM ""멤버 변동 없다""
		",2020.02.20. 오후 6:49
"
			강타·정유미, 열애 인정…SM “좋은 감정갖고 만나고 있다”
		",2020.02.04. 오전 10:26
"
			엑소 첸 결혼 “소중한 인연 만나…결혼식은 비공개”
		",2020.01.13. 오후 3:31
"
			최강창민, 데뷔 16년 만에 첫 공개연애…SM “상대는 비연예인”
		",2019.12.30. 오후 12:45
"
			레드벨벳 웬디 낙상 사고…당분간 그룹 단독 무대 힘들다
		",2019.12.26. 오후 1:52
"
			레드벨벳 웬디, SBS가요대전 리허설중 낙상…손목·골반 골절
		",2019.12.25. 오후 6:55
"
			SM “설리, 마음속에 언제나 빛나는 별 됐다” 추모 글
		",2019.10.17. 오후 6:36
"
			SM ""유족 뜻 따라, 설리 팬 16일까지 신촌세브란스서 조문 가능""
		",2019.10.15. 오후 3:33
"
			설리 사망 소식에 김유정·슈주 행사 취소…구혜선·엠버 애도
		",2019.10.14. 오후 8:32
"
			SM ""설리 사망, 믿기지 않고 비통…추측성 기사 자제부탁"" [공식입장]
		",2019.10.14. 오후 8:17
"
			제시카, 미국서 K팝 다룬 소설 출간하며 작가 데뷔…영화화 진행 中
		",2019.10.11. 오전 11:17
"
			강타, 연애사 논란에 결국 뮤지컬도 하차
		",2019.08.06. 오후 6:45
"
			‘사생활 논란’ 강타 “변명 여지없이 내 불찰…깊이 반성”
		",2019.08.04. 오후 4:24
"
			'사생활 논란' 강타, SM타운 日공연 불참 ""컨디션 난조""
		",2019.08.03. 오후 3:00
"
			강타 ""이미 끝난 인연"" 해명 후 나온 우주안 입장
		",2019.08.02. 오전 12:47
뉴진스 열흘만에 차트 1위…'밀리언 셀러' 기록 NCT드림 [더 차트],2022-12-30 6:03
"수익률 91.4%'…강타, SM 주식으로 올해만 1억대 벌었다",2022-12-12 17:20
태연·뉴진스 제쳤다…올해 유튜브서 최고 인기얻은 영상은,2022-12-05 18:57
‘손 4개의 피아노 하모니’ 부산엑스포 유치 기원,2022-11-21 0:01
‘기적의 연주’로 엑스포 부산 유치 기원...GMF 갈라콘서트 BIE 회원국 표심 겨눴다,2022-11-20 13:30
“아티스트 발굴하고 곡 매칭해요” 방송사도 A&amp;R팀 시대,2022-11-02 0:02
워너원ㆍ케플러ㆍ스맨파 숨은 조력자…방송사도 A&amp;R 시대,2022-11-01 15:25
"이태원 참사' 여파에…SM, 오늘 핼러윈 파티 취소",2022-10-30 9:41
이수만 없었다면…K팝 성공신화 있었을까 [이수만 연구],2022-10-21 0:01
태연도 카이도 '노쇼'…LA K팝 콘서트 뒤집은 '비자 불발' 사태,2022-10-16 11:00
[류영재의 ESG인사이트] 환경·사회(ES)가 먼저냐? 거버넌스(G)가 먼저냐,2022-10-11 15:30
음원차트서 사라진 보이그룹…빅뱅만 살았다,2022-10-06 17:00
“톱 찍고 땅밑까지 고꾸라져…'스맨파'서 기승전결 제일 확실”,2022-09-29 11:35
"SM 주가 폭등에…강타, 두달만에 스톡옵션 80% 대박났다",2022-09-28 11:55
블랙핑크 K팝 걸그룹 최초 빌보드 정상…점점 커지는 존재감,2022-09-26 11:10
"낯선데 음반판매 1위, 독특한 보이그룹 NCT",2022-09-22 0:02
NCT드림이 밀고 NCT127이 끈다…무한 확장하는 NCT 월드,2022-09-21 16:58
노래·영화·드라마 3연타석 홈런…윤아의 전성시대,2022-09-21 0:02
"공조2-빅마우스 동시히트…윤아 “15년간 꽃길만 걷진 않았죠""",2022-09-20 15:18
"""이수만 물러나라"" 개미 이겼다…SM 주가 18% 급등시킨 소식",2022-09-16 15:59
英 보수당 실세 무역특사 “새 원전 건설에 한국 참여 희망”,2022-09-12 11:00
“주경기장 채울 수 있을까 걱정했지만…이제 NCT 드림 시대”,2022-09-11 13:25
고무줄 바지'로 삼촌팬 성적 판타지 깼다…뉴진스 대박 비결,2022-09-03 0:11
"영어 통번역사 ""뉴진스 미성년자인데…'쿠키' 성적 가사 경악""",2022-08-22 14:57
58명 별들의 퍼포먼스 대방출…'슴덕 총집결' 수원 뜨거웠다,2022-08-21 9:40
"소녀시대 MV 세트 표절 논란…감독 ""부끄럽고 죄송하다""",2022-08-15 18:34
하이브 CEO 제친 '연봉 5억' 그녀…방시혁이 채온 민희진 누구,2022-08-10 6:00
아이돌 성공 공식? 또 다른 역사는 ‘다름’이 만든다,2022-08-10 0:02
"아미가 수백만장 사들인 BTS 앨범…""대중성의 뜻 달라졌다""",2022-08-08 6:00
“우린 우리가 너무 좋아요” 데뷔 15년 다시 뭉친 소녀시대,2022-08-08 0:01
5년만에 완전체로 돌아왔다…소녀시대가 밝힌 15년 장수 비결,2022-08-05 16:03
"샤갈급 빛의 예술가, KAIST에 둥지 튼 까닭",2022-08-02 0:02
"[단독]괴짜 KAIST 총장, 샤갈급 스테인드글라스 거장 모신 이유",2022-08-01 14:35
"""티켓만 100만원 썼는데""…NCT드림 콘서트 연기 아닌 취소, 왜",2022-07-31 10:00
SM학' 가르치는 K팝 학교…“시범 교육에 1200명 몰렸다”,2022-07-26 18:00
"""로지·한유아가 미래 될 수 있다"" K팝 최전성기에 이런 전망",2022-07-25 6:00
"소녀시대, f(x) 만든 'K팝 콘셉트 장인'…이번엔 뮤비부터 터졌다",2022-07-22 9:55
"“한·중, 제도 다른 국가의 평화공존 모델”",2022-07-20 0:03
"""한·중관계는 사회 제도가 다른 국가간 평화 공존의 롤 모델""",2022-07-19 19:31
‘게임왕’ 권혁빈이 가상인간 ‘한유아’에 빠진 이유,2022-07-11 0:01
크롭티 그녀 춤추자 700만뷰 터졌다…'게임왕' 홀린 단발女,2022-07-10 17:31
"에스파, 데뷔 2년만에 밀리언셀러…글로벌 시장 공략에 박차",2022-07-08 16:30
"국가재정전략회의 첫 주재한 尹 ""재정만능주의는 환상""",2022-07-07 17:37
"LG전자, SM엔터 손잡고 홈트 앱 진출",2022-07-01 0:03
“한혜진 잘 따라하고 있나 AI가 체크”…LG-SM 홈피트니스 맞손,2022-06-30 15:44
떼창·응원봉·스밍·앨범깡…K팬덤 문화도 수출한다,2022-06-29 0:03
"BTS 막내에 ""Maknae"" 부른다…해외팬 취향 저격한 K팬 놀이",2022-06-28 17:00
키운 스타트업만 상장? 액셀러레이터도 IPO 나선다,2022-06-14 0:04
이수만·사우디 장관 만남에 깜짝 등장…'SM 이사' 보아였다,2022-06-12 10:18
"팬도 아이돌 그룹도 진화했다, 앞으로 K팝에 필요한 것은?",2022-06-11 14:00
"미국 딱 기다려, 에스파 26일 LA에서 신곡 발표",2022-06-07 11:13
"에스파 본격 글로벌 시장 공략, 워너 통해 신보 미국 동시 발매",2022-06-01 13:38
"SM출신이 만든 하이브 여돌, 남미 겨냥한 CJ 보이그룹…몰려오는 대기업 ‘신인 아이돌’",2022-06-01 7:00
한국인도 한국어 노래도 아닌데 'K-아이돌'…K팝 판뒤집은 이들,2022-05-30 7:00
"요즘 아이돌 하나도 모르겠다는 당신, 이래서입니다",2022-05-27 7:00
[부고] 김희경씨 外,2022-05-26 0:02
"""만지는거 빼고 다했다""…에스파 성희롱글 경복고 학생 결말",2022-05-18 17:54
"소녀시대, 8월 완전체 컴백 ‘데뷔 15주년 새 앨범 발매’",2022-05-17 14:46
하이브 로고는 무슨 의미? [알려드립니다],2022-05-14 7:00
상표권이 뭐길래…미국 음악축제에 몰래 등장한 2NE1,2022-05-10 0:03
"""YG 허락 받아야""…2NE1, 美코첼라 비밀리에 등장한 까닭",2022-05-09 7:00
광야·아이(æ)·플랫·나비스는 뭔가요?…심오한 SM 세계관 [알려드립니다],2022-05-07 7:00
이수만 협찬품이 '걸그룹'…에스파 이전엔 레드벨벳 있었다,2022-05-05 0:23
"""에스파 몸매 X된다""…'이수만 모교' 성희롱 결국 2차 사과문 왜",2022-05-03 12:18
"에스파, 이수만 모교 찾았다가…난장판 된 고교 축제",2022-05-02 18:55
“한류와 글로벌 K팝의 개척자”…LA 표지판에 새겨진 이수만 공로,2022-04-29 17:24
"오토바이 여성에 손가락 욕? 찬열 측 ""허위 유포 강경대응""",2022-04-28 8:01
"빌보드 꼽은 '음악산업 파워 플레이어', 하이브·SM 나란히",2022-04-26 15:58
[문소영의 문화가 암시하는 사회] K팝부터 아이스크림·라면에까지 설정된 ‘세계관’이란,2022-04-22 0:32
"SM 이수만, 미 스탠퍼드 한국학 컨퍼런스 연설…엑소 수호도 참여",2022-04-21 11:21
르세라핌 미니 앨범 선주문 27만장…30만장 넘길 듯,2022-04-21 11:12
"""거실에 수퍼카 4대 주차"" 역대최고가 350억 펜트하우스 팔렸다",2022-04-20 10:33
"음원 유통 강자 vs 오디션 귀재, IP 알부자 SM 누구 손을 잡나",2022-04-18 14:00
"""해외 넘어 국내 노린다""…어디서 터질지 모르는 'K팝 로또'",2022-04-14 7:00
하이브는 내년이 두렵다…이익 67% 안겨주는 BTS 입대 해법은,2022-04-12 6:00
CJ도 YG에서도 러브콜…결국 가수 데뷔하는 이 소녀 정체,2022-04-08 23:12
인구 70%가 30세 미만…사우디 공주가 SM 이수만 모셔간 까닭,2022-04-06 19:39
주총에 위임장 1000여장 날렸다…CEO 떨게 한 개미의 변신,2022-04-03 6:06
레드벨벳 웬디도 코로나19 감염…멤버 5명 전원 확진,2022-04-02 20:47
"""너 가수될건데, 노랜 못들었네?"" 이젠 말 안되는 이수만 이말",2022-04-02 6:00
개미가 새역사 썼다…주총장 배달된 박스 3개에 SM 첫 배당,2022-04-01 16:25
"SM 주총서 소액주주 제안 감사 선임…""회사·주주, 동반성장 고민""",2022-03-31 13:34
BTS 군대 가도 1458만명 팬미팅하는 곳…K팝 키우는 팬플랫폼 [K팝 세계화 리포트],2022-03-31 5:00
하이브 상장 당일 시총 8조…韓엔터계에 떨어진 '다이너마이트' [K팝 세계화 리포트],2022-03-31 5:00
한국은 5등 안에도 못든다…'BTS 소비국' 의외의 1등 [K팝 세계화 리포트],2022-03-30 5:00
"가수 찍는 공장?…""재능만 보지 않는다"" 집단 뭉친 K팝 원천기술 [K팝 세계화 리포트]",2022-03-30 5:00
레드벨벳 아이린·조이·예리 코로나19 확진…콘서트 잠정 연기,2022-03-14 11:37
찐친' 이정재·정우성 산불 피해 이재민 돕기 위해 1억씩 냈다,2022-03-08 20:32
"순천향대, '2022 메타버스 입학식' 개최",2022-03-03 11:43
2년 겨울잠 깨어난 K팝 공연…2주 뒤엔 잠실벌에 BTS 뜬다,2022-02-24 0:03
연일 최다 확진자 난리지만 K팝은 이미 포스트 코로나,2022-02-23 10:44
"""中 첫금 기뻐"" 닝닝 말에 SM주가 뚝…올림픽 침묵 택한 그들",2022-02-15 15:57
"에스파 닝닝 ""中 쇼트트랙 금메달 기뻐"" 발언에 네티즌 발칵",2022-02-08 12:37
"김희철, 50억대 강남아파트 샀다…이수만이 女기자 준 그 단지",2022-02-05 9:55
SM이 춤춰서 33층 흔들렸다? 아크로서울 진동 미스터리,2022-01-24 5:00
"""붕괴 전조증상"" 한때 공포...흔들린 성수 아크로포레스트, 왜",2022-01-21 14:47
"""샤이니 태민, 공황장애 악화"" 군 복무중 보충역으로 전환됐다",2022-01-14 13:31
[민지리뷰] 자동차와 힙합 그리고 도넛. 이 모든 것이 모인 공간,2022-01-05 12:00
"이수만·방시혁·봉준호, 美버라이어티지가 꼽은 '세계 리더'",2021-12-22 14:04
거실에 수퍼카 주차…아이유 최고가 주택 기록 갈아치운 이곳,2021-12-17 20:26
백신 다 맞은 최시원 확진···'신사와 아가씨'도 촬영 중단 쇼크,2021-12-10 19:57
"군 복무 중인 엑소 첸, 두아이 아빠 된다…SM ""둘째 임신""",2021-11-16 18:32
"""미쳤다고 투기하냐""…'부동산논란' 태연, 악플러 법적대응키로",2021-11-10 0:10
"태연 ""미쳤다고 내가 투기 할까"" 부동산 사기 피해 입열었다",2021-10-28 16:19
"SM 임원' 보아, 올해 스톡옵션으로 1억원대 수익 챙겼다",2021-10-28 13:15
"""유명 개그맨 낀 2500억대 부동산 사기, 태연도 당했다""",2021-10-28 10:36
"SM 이수만 포함…""전세계 330명 유력인사 역외탈세 의혹""",2021-10-04 16:31
"에스파, 이번엔 앨범 티저 표절 의혹…""日 일러스트와 비슷""",2021-10-01 0:22
"유흥주점서 딱 걸린 유노윤호 ""부끄러운 마음…더 꾸짖고 반성""",2021-09-03 0:34
"불법주점서 자정까지 술자리…유노윤호, 과태료 물게 될 듯",2021-09-02 15:34
"양다리' 루카스 또 폭로나왔다…팬에 접근해 ""셀카 보내줘""",2021-08-30 11:49
"가스라이팅·양다리 폭로된 루카스 ""진심으로 반성"" 활동 중단",2021-08-25 19:57
[앤츠랩]티빙은 '한류 넷플릭스'가 될 수 있을까?,2021-08-14 10:00
"中매체, 성폭행 크리스 10년형 예고…""아이돌도 법앞엔 평등""",2021-08-02 12:54
中미성년 성범죄 최대 사형인데...前엑소 크리스 강간죄 체포,2021-07-31 23:48
[앤츠랩]그냥 기획사 아닙니다…플랫폼 왕국 노리는 엔터 강자[앤츠랩],2021-07-25 10:00
"前엑소 크리스, 中공안이 조사…미성년 성범죄엔 최대 사형",2021-07-23 10:53
펜트하우스엔 노천탕도…이수만이 女기자 준 청담 집 가보니,2021-07-21 20:46
"7년전 부인 사별' 이수만, 청담동 49억 빌라 준 女기자는",2021-07-21 17:23
"[폴인인사이트]디즈니·픽사가 찾는 스타트업 ""AR 글래스, 메타버스 앞당길 것""",2021-07-21 6:00
"엑소 前멤버 크리스 ""진짜라면 감옥가겠다"" 성폭행 반박",2021-07-20 16:03
"엑소 前멤버 크리스 성폭행 의혹…""8명 당해, 피임도 안했다""",2021-07-19 10:04
"“팬이 생산자이자 소비자, 프로슈머의 콘텐트로 무한확장”",2021-06-30 0:03
“K팝 2.0은 ‘분홍 피’ 흐르는 SM 팬들이 콘텐트 만드는 시대”,2021-06-29 17:42
"보아, 日서 졸피뎀 밀반입 혐의 불기소 처분…""심려끼쳐 죄송""",2021-06-05 0:47
"아이유, 청담동 150억 아파트 현금 매입",2021-06-03 0:02
아이유가 현금으로 산 100억대 아파트…SM사옥 바로 옆,2021-06-02 12:05
"2년 넘은 공방 끝···김경욱 SM 前대표, H.O.T. 상표권 소송 패소",2021-05-28 12:22
"포스트 BTS를 찾아라, 아메리카로 뻗는 K팝 오디션",2021-05-10 0:03
포스트 BTS를 북?남미에서 찾는다…지도 넓히는 K팝 오디션,2021-05-09 15:10
"SM엔터테인먼트, 보호종료아동 자립 지원에 3천200만원 기부",2021-03-19 15:35
"디어유, 전직원 ‘연봉 1,500만원’ 일괄 인상…대규모 개발인력 유치 나서",2021-03-16 15:24
"SM ""유노윤호 방역 수칙 이외 잘못한 행동 없었다""",2021-03-13 0:02
성수동 일대 풍부한 배후수요 기대... ‘더 메종 건대’ 5월 공급 앞둬,2021-03-12 11:00
"유노윤호, 밤 10시 이후 강남 식당 머물러 입건…""깊이 반성""",2021-03-09 18:39
"빅히트-유니버설, 내년 美 오디션으로 글로벌 보이그룹 론칭한다",2021-02-18 10:50
센터가 누구야? 걸그룹 ‘원톱’이 사라졌다,2021-02-16 0:03
걸그룹도 ‘토탈 사커’ 시대…센터가 사라졌다,2021-02-15 11:00
"SM엔터 ""국세청 세무조사…202억원 추징금 부과돼""",2021-02-05 18:23
"국세청, 지난해 SM엔터에 대한 특별 세무조사 착수했다",2021-02-04 18:35
한국시장은 좁아서…이젠 익숙한 K팝 다국적 걸그룹,2021-01-19 0:03
"민족주의 화약고지만, 그래도 대세는 다국적 걸그룹",2021-01-18 11:50
"""침흘린 여배우 봤다"" ""못봤다니까""…김상교·효연 SNS 공방",2021-01-15 11:40
"효연, 김상교에 반박 ""난 내 일했다, 침 흘리는 여배우 못봐""",2021-01-15 1:52
"김상교 ""효연아, 버닝썬 VVIP 봤지?""···SM ""억측 삼가해달라""",2021-01-14 18:27
"택진이형, 이젠 가수도 키워?",2021-01-06 5:01
186개국서 본 SM타운 라이브 vs 연말시상식 방불케 한 빅히트,2021-01-03 18:00
"‘빅히트’ 방시혁, 美버라이어티 ‘세계 엔터테인먼트 리더 500인’",2020-12-29 11:28
SM도 내년 성수동으로…K팝 빅4 모두 강남 떠난다,2020-12-29 0:03
"SM도 탈(脫)강남, K팝 강남 시대 저문다",2020-12-28 17:11
"말 걸면 ‘칼답’하는 AI 친구, 모델·아이돌 데뷔도 해요",2020-12-21 0:02
AI 모델·아이돌까지 사람보다 더 인기···디지털 휴먼이 뜬다,2020-12-20 9:00
"보아 졸피뎀, 마약 킬러 중앙지검 첫 女강력부장이 맡는다",2020-12-18 13:24
"졸피뎀 밀반입' 보아, 피의자 신분 조사…""수면제 부작용 심해""[전문]",2020-12-18 8:56
"보아, 졸피뎀 밀반입 혐의로 검찰조사...SM ""직원 실수""",2020-12-18 0:02
"가수 보아, 의약품 통관 절차 부주의로 검찰 조사…SM 측 ""직원 실수""",2020-12-17 21:30
김광석·김현식이 되살아온 듯…감쪽같은 AI 가수 등장,2020-12-16 0:03
김광석·김현식 노래 다시 들을 수 있다고? AI가 소환한 레전드,2020-12-15 11:43
백현ㆍ조이가 우리집 인공지능 비서로…SKT ‘누구 셀럽’출시,2020-12-11 15:50
"가로세로연구소 출연한 'SM이사' 김민종 ""강용석과 친해""",2020-11-29 16:21
1년동안 130억 벌었다···스타 능가하는 '버추얼 인플루언서',2020-11-29 11:00
"SM의 신개념 걸그룹, 가수·아바타 4+4인조 ‘에스파’",2020-11-12 0:03
"버추얼 세계 그리는 SM, 6년만에 새 걸그룹 에스파(AESPA)",2020-11-11 16:07
글로벌 마케팅 집중하는 ‘LG윙’…세계적 감독 마이클 베이와 손잡고 마케팅,2020-11-10 11:00
"SM ""악플 관련 국내 최대 로펌에 의뢰해…강력 대응하겠다""",2020-11-02 19:59
"""최소한 내 지인 건들지 말았어야지"" 찬열 前여친 사생활 폭로",2020-10-29 12:28
[폴인인사이트] 아마존·쿠팡 입점 없이 잘 팔리는 브랜드는 세 가지가 다르다,2020-10-29 3:30
"""아이린이 직접 사과…상처 극복후 제자리로 돌아갈 것"" 에디터 추가 글",2020-10-24 17:02
가영·권민아에 제시카까지···걸그룹 출신 잇단 '친정' 저격 왜,2020-10-23 15:00
코로나 보복 소비 덕? 세븐틴·NCT·블랙핑크 등 벌써 6번째 밀리언셀러,2020-10-22 0:04
NCT·세븐틴·블랙핑크…올해만 여섯 번째 터진 밀리언셀러,2020-10-21 17:26
35만1000원 치솟다 25만8000원 마감…빅히트 못한 빅히트,2020-10-16 0:04
"영끌' 했던 빅히트의 배신…""첫날부터 마이너스일 줄이야""",2020-10-15 17:43
슈퍼엠 WHO 세계 정신건강의 날 행사서 공연 “좋은 날 올 것”,2020-10-08 11:25
[양성희 논설위원이 간다] 넌 넷플릭스 보니? 난 ‘넷플릭스 파티’ 한다,2020-10-08 0:29
"빅히트 청약날 8조 몰렸다…85세 할머니 ""따상 노려"" 1억 올인",2020-10-05 17:40
슈퍼엠 마블과 손잡은 ‘슈퍼 원’ 통했다…빌보드 앨범 차트 2위,2020-10-05 11:00
빅히트 공모가 13만5000원…‘BTS팬투’ 몰리면 메가 히트,2020-09-29 0:03
"[속보] 文 ""세계 선도할 디지털콘텐트 국가 되겠다""",2020-09-24 15:04
"공정위, SM 시정명령…아티스트 전시관 설계·디자인업체와 불완전계약",2020-09-15 5:23
"방시혁, 돈방석 앉나···빅히트 '따상'땐 주식부자 TOP5 오른다",2020-09-06 9:47
카카오·넷플릭스로…원작·제작·캐스팅 다 잡은 레진,2020-09-03 15:14
"얘들아, 집밖은 위험해…현실로 뜬 증강현실 K-엔터",2020-08-26 0:08
방구석 팬미팅ㆍ콘서트…코로나가 불러온 핸드폰 ‘AR 엔터’ 시대,2020-08-25 17:44
드라마 못 트니 OST 먼저 리메이크…中 한한령 해제 물꼬 틀까,2020-08-18 11:01
"주가가 말한다, 콘서트 못해도 잘나가는 K-엔터의 힘",2020-08-17 0:06
콘서트도 못해도 팬덤은 여전…K-엔터주 잘나가는 이유,2020-08-16 16:12
"돈은 콘텐트서 나온다, IT공룡들 ‘IP 대기업’ 변신 중",2020-08-10 0:03
"[팩플]엔터사 사고, 웹툰 키우고…IT대기업은 'IP대기업'으로 체질개선중",2020-08-09 9:01
SM-JYP 손잡은 ‘비욘드 라이브’ 온라인 콘서트 대표주자 될까,2020-08-04 17:10
"[경제 브리핑] 네이버, SM에 1000억원 투자",2020-08-04 0:04
"네이버, SM에 1000억 투자…‘수퍼엠 팬클럽’ 네이버가 접수",2020-08-03 16:21
[트랜D]인공지능 등 첨단 기술로 더 풍성해진 음악 엔터테인먼트 산업,2020-07-20 18:19
"네이버, SM 2대 주주 되나?…""방탄 뺏겨 손해 컸을 것""",2020-07-20 18:00
[포스트 코로나 시대 위기에서 희망으로] 코로나19 성금 960억원 돌파 … 위기 극복 위한 아름다운 손길 이어져,2020-07-17 0:06
이순재 이어 신현준도 '매니저 미투'…5명중 1명 계약서 없다,2020-07-10 16:17
K팝 3.0시대 ‘메이드 인 X’ 전략…열도 휩쓴 JYP의 일본 걸그룹 ‘니쥬’,2020-07-09 15:07
음반 판매량 전년 대비 40% 증가…언택트가 만든 밀리언셀러,2020-07-01 15:53
"가수 스테파니, '23살 연상' 전직 메이저리거 브래디 앤더슨과 열애",2020-06-27 10:02
"AKB48 오늘도 집콕 릴레이…J팝, 왜 K팝처럼 ‘방방콘’ 못 하나",2020-06-18 14:01
"""엑소 출연시키겠다""더니…3억 들고 튄 가짜 SM엔터 임원",2020-06-18 9:36
"BTS·슈퍼주니어 온라인 콘서트, 세계가 ‘미래의 공연’ 미리 봤다",2020-06-16 0:05
"수익 220억 방방콘, AR 무장 슈주쇼···K팝 온라인공연의 진화",2020-06-15 15:10
"BTS 소속 빅히트, 이르면 4분기 코스피 상장한다",2020-05-29 0:05
한식구 된 BTS·세븐틴·여자친구…엔터업계 지각변동 올까,2020-05-25 19:57
이태원 아이돌 목격담 사실이었다···BTS 정국 등 4명 공식 사과,2020-05-18 16:11
"""우린 방구석서 뭘 했나""···그 답 좇으니 ETF 투자법 보인다",2020-05-17 11:01
‘슈퍼엠’ 세계 첫 온라인 콘서트 25억 벌었다,2020-04-28 0:06
슈퍼엠의 코로나 도전…'방구석 콘서트'로 25억 벌었다,2020-04-27 12:01
"""코로나로 AR시대 확 당겨졌다…부동산ㆍ쇼핑ㆍ수학여행까지 대체할 것”",2020-04-23 16:34
"[팩플] 코로나19가 바꾼 무대…콘서트·뮤지컬, 유튜브로 넘어가나",2020-04-21 16:28
폴 매카트니 “의료진 감사” 스티비 원더는 ‘린 온 미’ 위로송,2020-04-20 0:06
"폴 매카트니, 셀린 디옹, 슈퍼엠 등 8시간 동안 110여팀 노래 “코로나19 잘 견뎌내길”",2020-04-19 16:12
"브이라이브 강화하는 네이버, 이번엔 SM과 '언택트 팬관리'",2020-04-14 13:46
방탄소년단 '온' 왜 2주 만에 빌보드 싱글 차트서 사라졌나,2020-03-18 15:04
[인사] SM엔터 대표이사에 이성수·탁영준,2020-03-11 0:04
뮤지컬 데뷔 10년 시아준수 “뮤지컬은 내게 한줄기 빛”,2020-03-10 0:05
소녀시대 태연 생일에 부친상 비보…신곡 발표 연기,2020-03-09 17:55
뮤지컬 데뷔 10년 시아준수 “뮤지컬은 내게 한줄기 빛이었다”,2020-03-09 15:12
BTS가 직접 댓글 달아준다…‘덕질’ 편해지는 요즘 앱,2020-03-04 6:01
오빠들 콘서트 취소에… '방탄’ 팬들 '코로나 기부' 4억원 육박,2020-03-01 17:59
"BTS 앨범행사도 연기, 30조원 글로벌 콘서트시장 코로나 직격탄",2020-02-28 0:05
"BTS도 코로나 직격탄···앨범 발매 행사 연기, 4월 콘서트 투어도 위기",2020-02-27 15:04
"""50대, 창업하기 딱 좋은 나이""…기술 '유니콘' 꿈꾸는 4050",2020-02-22 7:01
여자 BTS 만든다…이수만도 방시혁도 키우는 걸그룹,2020-02-18 0:04
불붙은 걸그룹 전쟁…이수만·방시혁까지 뛰어들어 장외전,2020-02-17 15:45
이수만 SXSW 기조연설 “아시아 대중음악 진화 이끈 인물”,2020-02-13 11:38
"이병헌에게 연기를, 유노윤호에게 댄스를 배운다",2020-01-23 0:04
"""이병헌에게 연기를, 인플루언서에게 창업 스킬을""…'온라인학교' 열풍",2020-01-22 17:54
부도덕? 배신감?…아이돌 혼전 임신 소식에 둘로 갈라진 팬심,2020-01-21 6:02
"엑소 공식 팬클럽도 첸 퇴출 요구...""18일까지 답변 없으면 시위할 것""",2020-01-16 11:32
[문병로의 알고리즘 여행] 산술평균과 기하평균,2020-01-15 0:18
배민' 김봉진 최소 1900억 주식부자···SM 이수만 제쳤다,2019-12-17 5:01
겨울왕국' 주가는 뛰는데···'렛잇고~'에 부모들은 떨고 있다,2019-11-20 16:59
故 설리 발인…가족ㆍ동료 배웅 속 비공개로 진행,2019-10-17 10:25
설리 부검…“범죄 혐의점 없어” 1차 소견,2019-10-16 12:20
"최진실 죽음 내몬 악플, 11년뒤 설리 추모글에도 등장했다",2019-10-16 0:14
"""설리 평소 우울증, 최근 아주 힘들어 해""···장례절차 비공개",2019-10-15 11:01
악플 시달리던 설리 숨진 채 발견,2019-10-15 0:14
"경찰, 설리 시신 부검한다…""정확한 사인 규명 필요""",2019-10-14 21:41
‘K팝 어벤져스’ 슈퍼엠 데뷔앨범으로 빌보드 정상 올라,2019-10-14 10:56
슈퍼엠 “동서양 하나된 퍼포먼스로 미국 시장 사로잡을 것”,2019-10-03 0:03
"쿵후로 무장한 K팝 전사 “우리가 SM끝판왕, 다 끝내버릴 것”",2019-10-02 16:42
“세계 음악 시장 주류 되려면 ‘BTS가 곧 K팝’ 고정관념 깨야”,2019-10-01 18:12
장우혁 검찰 조사 왜?…'H.O.T. 상표권 분쟁 피소',2019-09-05 12:29
버닝썬·마약·원정도박 연타 논란···양현석 주식 반토막났다,2019-09-01 9:45
아이돌 연합팀 ‘슈퍼엠’ 출격…미국은 K팝 격전지,2019-08-16 0:05
"[양성희 논설위원이 간다] 세계적 위상 K팝, 산업 마인드는 못 따라간다",2019-08-15 0:03
"어벤져스처럼···SM 아이돌 보이그룹 멤버, 미국 총출격",2019-08-13 10:01
"이재룡, 음주後 재물손괴로 기소유예…SM “심려 끼쳐 죄송”",2019-08-06 14:50
"강타 ‘하루 두 번 열애설’에 곤욕…“우주안 옛 연인, 정유미는 친한 동료”",2019-08-01 14:32
"가수 강타 사생활 영상 공개로 곤혹…""몇 년 전 끝난 인연""",2019-08-01 8:48
"""BTS 셔츠 환불 어렵다""… ‘아이돌 굿즈’ 갑질 엔터사 제재",2019-07-24 12:01
"[소년중앙] 볼만한 영화, ‘진짜 나’와 만나는 한 층 더 높은 세계로",2019-07-22 12:52
스맙(SMAP) 전 멤버들 방송출연 방해한 일본판 'JYJ' 사건,2019-07-18 14:07
또 불거진 H.O.T 상표권 논란…양측 주장 들어보니,2019-07-03 2:09
민희진 누구? ‘SM 평사원→이사’까지…방시혁 “엔터 관계자라면 다 안다”,2019-07-01 14:55
"“잘 다녀오겠다” 엑소 디오, 군 입대…시우민 이어 두 번째",2019-07-01 6:30
[김도년의 썸타는 경제] BTS는 ‘효자자산’…70억 투자해 기업 몸값 2조로 불려,2019-07-01 0:04
연예기획사의 영업비밀 전속계약금···BTS는 70억?,2019-06-28 14:31
BTS는 아이돌 그룹? 영어로는 그렇게 안 쓴다는데...,2019-06-22 10:51
주주 행동으로 급등한 SM…강타·보아 1억 이상 차익 남겨,2019-06-13 20:30
"이수만, '내부거래'의혹 덕에 주식부자 1위…버닝썬 타격 양현석은?",2019-06-10 5:37
"차입금 어디 썼나, 자회사 합병해라…기관들도 행동 나섰다",2019-06-07 0:04
"""차입금 어디 썼나"" ""자회사 합병하라""…행동 나선 기관투자자",2019-06-06 19:24
SM “이수만 개인회사 일감 몰아주기 아냐…법률적 문제 없어”,2019-05-30 11:26
"""SM 주식 비정상적 대규모 매입""…하이브, 금감원에 조사 요청",2023-02-28 9:19
"공개매수 힘들게 SM주가 띄웠다...""66만주 사자"" 의문의 계좌",2023-02-28 17:39
"카카오엔터 “하이브, SM파트너십 위협…기존전략 전면수정 불가피 판단”",2023-02-27 11:28
"처조카 SM 이성수 폭로…국세청, 이수만 '탈세 의혹' 확인 착수",2023-02-16 19:05
"""심플한 게임"" 이수만 녹취 깠다…'선생님' 호칭 버린 SM의 반격",2023-02-16 12:07
"SM 이성수의 반격 ""이수만, 에스파까지 부동산 욕심에 동원""",2023-02-16 8:59
SM 주가 12만원 뚫었다…하이브 경영권 확보에 빨간불,2023-02-15 11:29
"“법적 조치 취하겠다”는 하이브, “졸속 적대적 인수”라는 SM",2023-02-24 15:01
"12만원 턱밑까지 간 SM, 코스닥 9위로 껑충…속타는 하이브",2023-02-14 18:10
"내분 와중에 SM 2대 주주 된 카카오…이수만, 법적대응 나섰다",2023-02-07 14:45
"하이브 막을 SM의 해외 전략  “미국 제작 센터 설립, 동남아 멤버 모아 신규팀 결성”",2023-02-23 12:13
"
			SM, 튀르키예·시리아 지진에 2억원 기부…같은날 하이브도 5억원 동참
		",2023.02.13. 오후 2:45
"""개척자""vs""비정상""…SM 심문서 뜻밖의 '이수만 기여도' 공방",2023-02-22 17:45
"SM 내분 속…'美체류' 이수만 팔 골절로 급거 귀국, 무슨 일",2023-02-08 14:01
"CJ ""지분 인수 사실무근""이라는데…SM 주가는 12만원 육박",2023-02-15 10:13
"지분 1%도 안되는 개미, 하이브-카카오 'SM 전쟁' 변수로 떴다",2023-02-23 17:34
SM “하이브에 인수되면 SM 가수는 뒤로 밀릴 것…K팝 경쟁력 떨어진다”,2023-02-20 11:19
"SM, 하이브 공개매수 반대…""우리 아티스트 후순위 밀릴 것""",2023-02-20 10:33
"김민종 부축 받으며 나타난 이수만, SM 분쟁 묻자…",2023-02-14 23:37
[e글중심] SM 경영권 분쟁 “이수만이 SM 정체성” “K팝의 미래는”,2023-02-20 0:52
"이수만·방시혁 손잡자, SM 17% 급등, 하이브·카카오는 미끌",2023-02-10 17:37
"이수만·SM 법정공방 첫날…하이브, SM 최대주주 됐다",2023-02-23 0:01
SM 주총 한달 앞…‘지분 18%’ 기관투자가 표심 어디로,2023-02-24 0:10
“SM 3.0 열겠다”…이수만 없는 미래 청사진 공개한 SM엔터,2023-02-03 14:08
이성수 “SM 대표 사임…이수만 탐욕·독재 막지 못했다”,2023-02-17 23:04
"하이브, SM 인수…이수만 지분 14.8% 매입, 최대주주 됐다",2023-02-10 8:04
"이수만 지지한 연제협 ""SM, 공룡기업과 야합에 경악과 분노""",2023-02-15 18:03
"벼랑 끝 이수만, 방시혁 손잡다…하이브-SM 지분인수 막전막후",2023-02-10 11:50
"""이수만 꼭 필요"" 김민종에 ""SM 정신 차려야""…내분 터졌다",2023-02-06 17:34
이수만 퇴진에 SM 내분…김민종 “일방적인 작별”,2023-02-07 0:01
"SM 품는 하이브, 공정위가 '키맨'…美보다 동남아 심사 더 관심",2023-02-12 16:50
공개매수가 턱밑까지 오른 에스엠 주가…하이브 속탄다,2023-02-15 0:02
BTS·에스파가 한 집에…'무적함대' 하이브에 떨고 있는 가요계,2023-02-22 16:27
"에스엠 “하이브, 이수만 역외탈세 의혹 왜곡…동조냐 묵인이냐”",2023-02-17 12:34
한때 '적'과 손 잡고 반격 나섰다…다 내려놓은 이수만 득과 실,2023-02-10 14:51
비틀스·엘비스 이어 'BTS 레고' 나온다…K팝 아이돌 최초,2023-02-21 15:30
"尹대통령, '국내 엔터 재편' 속 K-콘텐트 수출전략 논의",2023-02-19 17:02
[분수대] 이수만의 퇴장,2023-02-20 1:01
"""이수만 일 안해도 10년간 500억원""…2092년까지 '황제계약'",2023-02-09 18:38
"""시총 2조 오스템, 10조 될 수 있었다""…싸움 접는 강성부 왜",2023-02-16 0:25
"경기 침체, 실적 악화에도…4대그룹 줄줄이 “자사주 소각”",2023-02-21 0:12
"배당 늘리고, 자사주 소각…4대 그룹, 주주환원 강화 나선 이유",2023-02-20 18:16
BTS·엑소 품은 ‘슈퍼공룡’ 등장…K팝 시장에 어떤 영향 미칠까,2023-02-12 17:32
[역지사지(歷知思志)] 견훤,2023-02-15 0:33
"이수만 오너 리스크 검증, 사외이사 과반…SM, 지배구조 개선",2023-01-15 18:01
"SM 이수만 누른 행동주의펀드, 다음 타깃은 7개 금융지주",2023-01-25 17:51
"얼라인 “배당 확대 누가 반대하겠나, 외국기관 150곳 지지”",2023-02-08 0:03
[사랑방] 기업들 튀르키예·시리아 지진 구호 성금,2023-02-14 0:01
금융권 겨눈 행동주의펀드 “배당 안 늘리면 주총서 표대결”,2023-01-26 0:03
빈 살만 사로잡은 카카오엔터…1조2000억원 해외 투자 유치,2023-01-13 0:03
"[단독] CES 찾은 이수만 ""꼬리 9개 구미호처럼 살라"" 외친 까닭",2023-01-09 5:00
[CES 2023] ‘최태원 마케팅’ 힘입어 3만 관객 모은 SK의 CES,2023-01-09 15:01
"차트는 모두 걸그룹 차지…NCT 드림, ‘나 홀로 보이그룹’  [더 차트]",2023-01-06 6:01
"계약 갈등' 엑소 첸백시 ""공정위 제소""…SM ""정산자료 주겠다""",2023-06-05 9:53
"SM·엑소 첸백시 분쟁에 MC몽 회사 관여?…""사실 아냐, 유감""",2023-06-01 13:47
"엑소, SM에 계약해지 통보…또 ‘세 멤버 잔혹사’ 터졌다",2023-06-01 17:41
"엑소 백현·시우민·첸, SM에 전속계약 해지 통보…""정산자료도 못 받아""",2023-06-01 10:24
"[Biz &amp; Now] 검찰·금감원, SM엔터 시세조종 의혹 수사 착수",2023-04-07 0:02
SM의 간판 NCT·에스파가 하이브 팬플랫폼으로…시동 건 K팝 플랫폼 협업,2023-04-17 13:11
금감원 특사경 'SM 시세조종 의혹' 카카오 압수수색,2023-04-06 15:33
"입학 조건이 학교 자퇴…SM, 사교육 1번지에 만든 학원 정체",2023-04-04 5:00
"""한시대 마감"" SM 주총날...이수만은 대표곡 '행복' 가사 읊었다",2023-03-31 13:21
[트랜D] SM 인수전 이후 '팬덤 플랫폼'의 미래는,2023-03-16 5:00
"카카오, SM 인수전 승리…경영권 확보 청신호",2023-03-13 0:42
SM “하이브 인수 중단 결정 존중…카카오와 글로벌 엔터로 도약할 것”,2023-03-12 11:46
"SM 전쟁에서 발 뺀 하이브, 남은 과제들",2023-03-15 6:00
"카카오, 15만원에 SM 주식 산다…1조원대 ‘쩐의 전쟁’ 발발",2023-03-07 17:10
"밀리던 카카오, 하이브에 대반격 ""SM주식 15만원에 사겠다""",2023-03-07 7:58
"하이브는 포기, 카카오가 SM 갖는다...이렇게 끝난 '쩐의 전쟁'",2023-03-12 11:05
"쩐의 전쟁 끝나자…SM 주가는 급락, 카카오·하이브는 상승",2023-03-14 0:03
"쩐의 전쟁' 끝나자...SM주가는 급락, 카카오와 하이브는 상승",2023-03-13 17:00
"SM 가처분', 이수만 완승...법원 ""카카오에 2170억원 지분 발행 금지""",2023-03-03 18:59
"""SM 사자"" 의문의 68만주...금감원 ""불공정 의혹 사실땐 엄단""",2023-03-01 11:44
"에프엑스 출신 엠버, 전 남친 폭로 ""가스라이팅 당해 파산할 뻔""",2023-06-08 18:00
주가 띄워  하이브 막았나…카카오 이어 SM도 전격 압수수색,2023-04-18 11:23
"SM, 주총으로 인수전 마침표…이수만 지우고 ‘SM 3.0’ 본격화",2023-03-31 15:22
SM 최대주주 등극한 카카오…이수만과 불편한 동거는 계속,2023-03-27 18:13
"카카오, SM 공개매수 흥행 성공…SM 주가는 9만1100원으로 급락",2023-03-28 0:03
"카카오, SM 주식 공개매수 성공…지분 39.87% 확보",2023-03-28 14:07
브루노 마스가 웬 '하입보이'…120만뷰 터진 그 목소리 진실,2023-05-31 17:25
"
			이수만 ""카카오 SM 주식 공개매수에 참여 안해""
		",2023.03.27. 오후 4:48
"SM 인수전서 발 뺀 방시혁 ""전쟁으로 본적 없어…난 만족한다""",2023-03-15 12:31
"[사설] SM 인수전 타결…K팝 재점검, 재도약의 계기 돼야",2023-03-13 0:09
[세컷칼럼] SM 경영권 분쟁과 ESG,2023-03-05 23:00
"카카오, SM에 1조2500억 베팅…하이브도 판돈 키우나",2023-03-08 5:00
[김원배의 시선]SM 경영권 분쟁과 ESG,2023-03-03 0:42
카카오 공개매수 참전에 SM 주가 13% 껑충...15만원선 넘나,2023-03-07 10:18
"가처분 인용돼 하이브 유리…SM 분쟁, 주총서 결판난다",2023-03-06 0:02
하이브 1승에도 카카오 발 못뺀다? 'SM 전쟁' 마지막 승부처,2023-03-05 17:31
[단독]SM 인수 과열 부담?…카카오·하이브 협상 테이블 앉았다,2023-03-11 5:00
카카오·하이브 끝모를 '쩐의 전쟁'…SM 주가 15만원도 뚫었다,2023-03-08 9:29
공개매수 힘들게 SM주가 띄웠나…‘66만주’의문의 계좌,2023-03-01 0:01
"""SM 시세조종 의혹, 사실 땐 책임 묻겠다"" 이복현 금감원장 경고",2023-03-02 14:59
"“브루노 마스가 뉴진스 곡을?”…“AI 작품, 진짜인 줄 알면 큰일”",2023-06-01 0:02
"어닝쇼크' 카카오, 포털 다음 뗀다…AI?헬스케어로 돌파구 [팩플]",2023-05-04 17:11
美빌보드 '세계 음악시장 리더'…국내 기획사 관계자 대거 선정,2023-04-26 17:56
"[포토타임]쇼트트랙 박지원, 세계선수권 2관왕",2023-03-12 10:42
4세대 걸그룹 전성시대…뻔한 사랑노래 안 부른다,2023-05-10 0:02
연애 됐고 이것…여성팬도 빠져버린 4세대 K걸그룹 공통점,2023-05-09 18:36
"에코프로, 대기업집단 지정…외국 국적 총수2세 31명",2023-04-25 12:00
"사랑의 불시착' 유포자 총살한 北, 홍보영상에 보아 노래가?",2023-04-13 12:23
유튜브부터 쿠팡까지…“코로나 이후 온라인이 대세”,2023-04-11 0:03
"""생활전반 지배한 온라인"" 브랜드스탁 100대 브랜드, 1위는",2023-04-10 15:32
하이브 '15만원 공개매수' 참여...12만원에 산 '이수만 지분' 판다,2023-03-24 11:43
카카오는 ‘저주 없는 승자’ 될 수 있을까?  카카오엔터의 미래는,2023-03-13 18:04
"반전의 38일, 방시혁 결국 손 뗐다…'쩐의 전쟁' 승자는 카카오",2023-03-12 17:26
"“K팝, 반짝 인기로 끝날 우려…엔터계의 삼성·현대차 나와야”",2023-03-16 0:02
아이유·아이브에 NCT·에스파 가세…카카오 단숨에 ‘K팝 강자’로,2023-03-13 0:22
"3월 주총서 10전 7패, 행동주의 펀드 “이제 시작일 뿐…”",2023-04-03 0:02
"주총 시즌 달궜던 행동주의, 10전 7패...""올해로 끝 아니다""",2023-04-02 12:00
[사설] 포스트 BTS가 없다…방시혁이 던진 K팝 위기론,2023-03-16 0:09
아이브·아이유에 NCT·에스파 더한다…카카오 'K팝 종가' 승계,2023-03-12 17:02
"김범수, 금산분리·편법승계 논란 ‘케이큐브홀딩스’ 접나",2023-03-29 6:00
"
			""매우 화나""…엑소 세훈, 혼전임신 루머에 직접 입 열었다
		",2023.03.27. 오후 8:58
"하이브+YG 연합, 글로벌 차트 톱10 올킬 [더 차트]",2023-03-17 6:01
"카카오 막은 이수만 입 열었다 ""방시혁, 음악에 미친 사람""",2023-03-03 18:57
[분수대] 공개매수,2023-03-08 0:40
[이영렬의 이코노믹스] 한류팬 10년 새 17배…‘한류 경제’에 날개 달자,2023-03-07 0:36
