TITLE,DATE
"
			이수만 ""카카오 SM 주식 공개매수에 참여 안해""
		",2023.03.27. 오후 4:48
"
			SM, 튀르키예·시리아 지진에 2억원 기부…같은날 하이브도 5억원 동참
		",2023.02.13. 오후 2:45
"
			방시혁, ‘美빌보드 파워 100’서 18위 올라…특별상도 수상
		",2023.02.03. 오후 12:16
"
			뷔·제니 열애설 또 불지핀 사진 한장…소속사는 이번에도 침묵
		",2022.08.24. 오후 2:35
"
			[폴인인사이트]'OTT 전쟁'…넷플릭스 '오징어게임' 다음 전략은?
		",2021.12.16. 오후 4:00
"[단독]좌석랜덤, 환불땐 돈내라?…세븐틴 공연 무더기 신고 당했다",2023-06-07 6:00
17살 이서 울린 36살 이승기? 국회 추진 '이승기법' 황당 파장,2023-06-03 6:00
"“브루노 마스가 뉴진스 곡을?”…“AI 작품, 진짜인 줄 알면 큰일”",2023-06-01 0:02
브루노 마스가 웬 '하입보이'…120만뷰 터진 그 목소리 진실,2023-05-31 17:25
BTS 프로듀서 접고 가수됐다…'그 좋다는 하이브' 나온 이유,2023-04-30 6:00
美빌보드 '세계 음악시장 리더'…국내 기획사 관계자 대거 선정,2023-04-26 17:56
"에코프로, 대기업집단 지정…외국 국적 총수2세 31명",2023-04-25 12:00
주가 띄워  하이브 막았나…카카오 이어 SM도 전격 압수수색,2023-04-18 11:23
SM의 간판 NCT·에스파가 하이브 팬플랫폼으로…시동 건 K팝 플랫폼 협업,2023-04-17 13:11
"[Biz &amp; Now] 검찰·금감원, SM엔터 시세조종 의혹 수사 착수",2023-04-07 0:02
금감원 특사경 'SM 시세조종 의혹' 카카오 압수수색,2023-04-06 15:33
"3월 주총서 10전 7패, 행동주의 펀드 “이제 시작일 뿐…”",2023-04-03 0:02
"주총 시즌 달궜던 행동주의, 10전 7패...""올해로 끝 아니다""",2023-04-02 12:00
"SM, 주총으로 인수전 마침표…이수만 지우고 ‘SM 3.0’ 본격화",2023-03-31 15:22
"""한시대 마감"" SM 주총날...이수만은 대표곡 '행복' 가사 읊었다",2023-03-31 13:21
"카카오, SM 주식 공개매수 성공…지분 39.87% 확보",2023-03-28 14:07
"카카오, SM 공개매수 흥행 성공…SM 주가는 9만1100원으로 급락",2023-03-28 0:03
SM 최대주주 등극한 카카오…이수만과 불편한 동거는 계속,2023-03-27 18:13
"카카오, SM 공개매수 흥행…목표 수량보다 2배 넘게 몰렸다",2023-03-27 11:32
하이브 '15만원 공개매수' 참여...12만원에 산 '이수만 지분' 판다,2023-03-24 11:43
BTS도 거쳐간 교육 시스템 만든 그녀…“아이돌도 스스로 판단하는 힘이 가장 중요”,2023-03-20 5:00
"하이브+YG 연합, 글로벌 차트 톱10 올킬 [더 차트]",2023-03-17 6:01
[트랜D] SM 인수전 이후 '팬덤 플랫폼'의 미래는,2023-03-16 5:00
[사설] 포스트 BTS가 없다…방시혁이 던진 K팝 위기론,2023-03-16 0:09
"“K팝, 반짝 인기로 끝날 우려…엔터계의 삼성·현대차 나와야”",2023-03-16 0:02
"SM 인수전서 발 뺀 방시혁 ""전쟁으로 본적 없어…난 만족한다""",2023-03-15 12:31
"SM 전쟁에서 발 뺀 하이브, 남은 과제들",2023-03-15 6:00
"쩐의 전쟁 끝나자…SM 주가는 급락, 카카오·하이브는 상승",2023-03-14 0:03
카카오는 ‘저주 없는 승자’ 될 수 있을까?  카카오엔터의 미래는,2023-03-13 18:04
"쩐의 전쟁' 끝나자...SM주가는 급락, 카카오와 하이브는 상승",2023-03-13 17:00
"카카오, SM 인수전 승리…경영권 확보 청신호",2023-03-13 0:42
아이유·아이브에 NCT·에스파 가세…카카오 단숨에 ‘K팝 강자’로,2023-03-13 0:22
"[사설] SM 인수전 타결…K팝 재점검, 재도약의 계기 돼야",2023-03-13 0:09
"반전의 38일, 방시혁 결국 손 뗐다…'쩐의 전쟁' 승자는 카카오",2023-03-12 17:26
아이브·아이유에 NCT·에스파 더한다…카카오 'K팝 종가' 승계,2023-03-12 17:02
SM “하이브 인수 중단 결정 존중…카카오와 글로벌 엔터로 도약할 것”,2023-03-12 11:46
"하이브는 포기, 카카오가 SM 갖는다...이렇게 끝난 '쩐의 전쟁'",2023-03-12 11:05
"[포토타임]쇼트트랙 박지원, 세계선수권 2관왕",2023-03-12 10:42
[단독]SM 인수 과열 부담?…카카오·하이브 협상 테이블 앉았다,2023-03-11 5:00
카카오·하이브 끝모를 '쩐의 전쟁'…SM 주가 15만원도 뚫었다,2023-03-08 9:29
"카카오, SM에 1조2500억 베팅…하이브도 판돈 키우나",2023-03-08 5:00
[분수대] 공개매수,2023-03-08 0:40
"카카오, 성장동력 잃어 작년 역성장…해외시장 개척 위해선 ‘K-엔터’ 절실",2023-03-08 0:04
카카오 반격에 SM 15만원 턱밑…'쩐의 전쟁'에 개미 또 웃는다,2023-03-07 17:50
"카카오, 15만원에 SM 주식 산다…1조원대 ‘쩐의 전쟁’ 발발",2023-03-07 17:10
카카오 공개매수 참전에 SM 주가 13% 껑충...15만원선 넘나,2023-03-07 10:18
"밀리던 카카오, 하이브에 대반격 ""SM주식 15만원에 사겠다""",2023-03-07 7:58
"19.43% 확보에도 불안하다…하이브, 카카오에 “SM 넘보지마”",2023-03-06 17:22
[세컷칼럼] SM 경영권 분쟁과 ESG,2023-03-05 23:00
하이브 1승에도 카카오 발 못뺀다? 'SM 전쟁' 마지막 승부처,2023-03-05 17:31
"SM 가처분', 이수만 완승...법원 ""카카오에 2170억원 지분 발행 금지""",2023-03-03 18:59
"카카오 막은 이수만 입 열었다 ""방시혁, 음악에 미친 사람""",2023-03-03 18:57
[김원배의 시선]SM 경영권 분쟁과 ESG,2023-03-03 0:42
"""SM 시세조종 의혹, 사실 땐 책임 묻겠다"" 이복현 금감원장 경고",2023-03-02 14:59
"""SM 사자"" 의문의 68만주...금감원 ""불공정 의혹 사실땐 엄단""",2023-03-01 11:44
공개매수 힘들게 SM주가 띄웠나…‘66만주’의문의 계좌,2023-03-01 0:01
"공개매수 힘들게 SM주가 띄웠다...""66만주 사자"" 의문의 계좌",2023-02-28 17:39
"""SM 주식 비정상적 대규모 매입""…하이브, 금감원에 조사 요청",2023-02-28 9:19
"하이브가 SM 인수했는데, 샤이니·엑소·레드벨벳 나가버리면?",2023-02-27 17:34
"카카오엔터 “하이브, SM파트너십 위협…기존전략 전면수정 불가피 판단”",2023-02-27 11:28
"“법적 조치 취하겠다”는 하이브, “졸속 적대적 인수”라는 SM",2023-02-24 15:01
SM 주총 한달 앞…‘지분 18%’ 기관투자가 표심 어디로,2023-02-24 0:10
"지분 1%도 안되는 개미, 하이브-카카오 'SM 전쟁' 변수로 떴다",2023-02-23 17:34
"하이브 막을 SM의 해외 전략  “미국 제작 센터 설립, 동남아 멤버 모아 신규팀 결성”",2023-02-23 12:13
"이수만·SM 법정공방 첫날…하이브, SM 최대주주 됐다",2023-02-23 0:01
"""개척자""vs""비정상""…SM 심문서 뜻밖의 '이수만 기여도' 공방",2023-02-22 17:45
BTS·에스파가 한 집에…'무적함대' 하이브에 떨고 있는 가요계,2023-02-22 16:27
비틀스·엘비스 이어 'BTS 레고' 나온다…K팝 아이돌 최초,2023-02-21 15:30
SM “하이브에 인수되면 SM 가수는 뒤로 밀릴 것…K팝 경쟁력 떨어진다”,2023-02-20 11:19
"SM, 하이브 공개매수 반대…""우리 아티스트 후순위 밀릴 것""",2023-02-20 10:33
[분수대] 이수만의 퇴장,2023-02-20 1:01
[e글중심] SM 경영권 분쟁 “이수만이 SM 정체성” “K팝의 미래는”,2023-02-20 0:52
"尹대통령, '국내 엔터 재편' 속 K-콘텐트 수출전략 논의",2023-02-19 17:02
이성수 “SM 대표 사임…이수만 탐욕·독재 막지 못했다”,2023-02-17 23:04
"에스엠 “하이브, 이수만 역외탈세 의혹 왜곡…동조냐 묵인이냐”",2023-02-17 12:34
SM 인수전…진흙탕 싸움,2023-02-17 0:01
"처조카 SM 이성수 폭로…국세청, 이수만 '탈세 의혹' 확인 착수",2023-02-16 19:05
"""심플한 게임"" 이수만 녹취 깠다…'선생님' 호칭 버린 SM의 반격",2023-02-16 12:07
"SM 이성수의 반격 ""이수만, 에스파까지 부동산 욕심에 동원""",2023-02-16 8:59
"이수만 지지한 연제협 ""SM, 공룡기업과 야합에 경악과 분노""",2023-02-15 18:03
SM 주가 12만원 뚫었다…하이브 경영권 확보에 빨간불,2023-02-15 11:29
"CJ ""지분 인수 사실무근""이라는데…SM 주가는 12만원 육박",2023-02-15 10:13
[역지사지(歷知思志)] 견훤,2023-02-15 0:33
공개매수가 턱밑까지 오른 에스엠 주가…하이브 속탄다,2023-02-15 0:02
"김민종 부축 받으며 나타난 이수만, SM 분쟁 묻자…",2023-02-14 23:37
"12만원 턱밑까지 간 SM, 코스닥 9위로 껑충…속타는 하이브",2023-02-14 18:10
[사랑방] 기업들 튀르키예·시리아 지진 구호 성금,2023-02-14 0:01
"뉴진스' 민희진 나서나…이수만 vs SM 대결, 누가 이사 될까",2023-02-13 17:01
하이브·카카오 ‘SM 지분’ 인수전 가열…가처분·공정위 심사가 변수,2023-02-13 0:18
[사설] 하이브의 SM 인수 추진…K팝 혁신 계기 돼야,2023-02-13 0:10
BTS·엑소 품은 ‘슈퍼공룡’ 등장…K팝 시장에 어떤 영향 미칠까,2023-02-12 17:32
이수만·방시혁 손잡고 김범수 허찔렀다...서울대 3인 'SM 전쟁',2023-02-12 17:13
SM 향한 하이브 vs 카카오 '쩐의 전쟁'…이수만 변심도 변수,2023-02-12 17:07
"SM 품는 하이브, 공정위가 '키맨'…美보다 동남아 심사 더 관심",2023-02-12 16:50
"이수만·방시혁 손잡자, SM 17% 급등, 하이브·카카오는 미끌",2023-02-10 17:37
한때 '적'과 손 잡고 반격 나섰다…다 내려놓은 이수만 득과 실,2023-02-10 14:51
"벼랑 끝 이수만, 방시혁 손잡다…하이브-SM 지분인수 막전막후",2023-02-10 11:50
"하이브, SM 인수…이수만 지분 14.8% 매입, 최대주주 됐다",2023-02-10 8:04
SM 사태…고래들 싸움에 개미들은 콧노래,2023-02-10 0:03
"""이수만 일 안해도 10년간 500억원""…2092년까지 '황제계약'",2023-02-09 18:38
이수만 vs '이수만 없는 SM' 충돌...고래 싸움에 웃는 일반주주,2023-02-09 18:03
"[박상욱의 미래를 묻다] 세계 휩쓰는 K팝, 한국 산업화 성공 공식 따라왔다",2023-01-16 0:43
"[단독] CES 찾은 이수만 ""꼬리 9개 구미호처럼 살라"" 외친 까닭",2023-01-09 5:00
"차트는 모두 걸그룹 차지…NCT 드림, ‘나 홀로 보이그룹’  [더 차트]",2023-01-06 6:01
뉴진스 열흘만에 차트 1위…'밀리언 셀러' 기록 NCT드림 [더 차트],2022-12-30 6:03
한한령 해제 기대감에…콘텐트 제작·배급사 주가 급등,2022-12-07 0:04
"내년엔 중국에서 아이돌 공연 할 수 있을까…뛰어버린 주가, 업계는 ‘신중’",2022-12-06 17:00
게임강자 엔씨 'K팝 굴욕'…하이브에 밀린 '유니버스' 매각한다,2022-11-30 16:00
"BTS의 하이브, 게임사 선언…“내 약점” 방시혁 부산 달려간 이유",2022-11-19 18:03
“아티스트 발굴하고 곡 매칭해요” 방송사도 A&amp;R팀 시대,2022-11-02 0:02
워너원ㆍ케플러ㆍ스맨파 숨은 조력자…방송사도 A&amp;R 시대,2022-11-01 15:25
"BTS 결국 군입대...하이브 ""다양한 콘텐츠 준비"" 주주 달랬다",2022-10-18 0:53
"""때 되면 갈테니 닥치길"" 가사대로…진부터 군대 가는 BTS",2022-10-17 19:22
"""청소년들이 꿈꿀수 있게 돕겠다""...50억 쾌척한 'BTS 아버지'",2022-10-13 14:08
블랙핑크 K팝 걸그룹 최초 빌보드 정상…점점 커지는 존재감,2022-09-26 11:10
"‘시총 2조 시대’ 맞은 JYP, 음악 집중 고집으로 CJ에 역전",2022-09-15 17:03
‘해리 포터’ 쿠아론 감독도 반했다…오겜 주역들에 쏟아진 러브콜,2022-09-15 0:02
오겜' 배우들 모시기 전쟁…넷플릭스·디즈니·애플TV 줄섰다,2022-09-14 16:29
유통업계 ‘BTS 부산 엑스포 콘서트’ 이벤트 나서,2022-09-08 17:23
고무줄 바지'로 삼촌팬 성적 판타지 깼다…뉴진스 대박 비결,2022-09-03 0:11
"영어 통번역사 ""뉴진스 미성년자인데…'쿠키' 성적 가사 경악""",2022-08-22 14:57
하이브 CEO 제친 '연봉 5억' 그녀…방시혁이 채온 민희진 누구,2022-08-10 6:00
아이돌 성공 공식? 또 다른 역사는 ‘다름’이 만든다,2022-08-10 0:02
"전 세계서 442억 벌었던 블랙핑크, 150만명 규모 월드투어 예고",2022-08-09 10:50
2세대 소시부터 4세대 아이브까지…K팝 걸그룹 여름 대전,2022-08-08 16:00
"""잠시 더위 잊었다""…치솟는 물가에 제주도 대신 몰려간 이곳",2022-08-07 6:00
"""로지·한유아가 미래 될 수 있다"" K팝 최전성기에 이런 전망",2022-07-25 6:00
"소녀시대, f(x) 만든 'K팝 콘셉트 장인'…이번엔 뮤비부터 터졌다",2022-07-22 9:55
"에스파, 데뷔 2년만에 밀리언셀러…글로벌 시장 공략에 박차",2022-07-08 16:30
그럼에도 K팝은 무럭 무럭 자란다…7월에도 앨범 판매 신기록 나올듯,2022-06-23 17:00
BTS 눈물회식' 알고보니 3주전 찍었다…의심 자초한 하이브,2022-06-22 19:15
BTS 없는 하이브는 껍데기? 게임·콘텐트 기업 확장 전략,2022-06-21 0:04
"하이브, 앙꼬 없는 찐빵? 'BTS 활동 중단' 냉정하게 뜯어보니",2022-06-20 17:59
"첫 세무조사 받는 BTS 소속사 하이브, “통상적 정기 조사”",2022-06-17 15:50
5월 한달간 K팝 음반 1000만장 판매…본격화된 엔터 르네상스,2022-06-13 7:00
돈 벌려고 아이돌 만든다고요? 다른 사업 하세요[나는 아이돌 기획자다 2],2022-06-07 7:01
"윤곽 드러난 하이브 첫 ‘일본 아이돌’, BTS 만든 피독 멘토로 참여",2022-06-05 14:56
"SM출신이 만든 하이브 여돌, 남미 겨냥한 CJ 보이그룹…몰려오는 대기업 ‘신인 아이돌’",2022-06-01 7:00
한국인도 한국어 노래도 아닌데 'K-아이돌'…K팝 판뒤집은 이들,2022-05-30 7:00
"요즘 아이돌 하나도 모르겠다는 당신, 이래서입니다",2022-05-27 7:00
"SM은 소속사고, AOMG는 레이블? …기획사와 음반사의 차이 [알려드립니다]",2022-05-21 7:00
하이브 로고는 무슨 의미? [알려드립니다],2022-05-14 7:00
"""이런 셀카 한장 받자고 돈 냈냐"" 아이돌에 뿔난 팬들, 왜",2022-05-12 7:00
"""YG 허락 받아야""…2NE1, 美코첼라 비밀리에 등장한 까닭",2022-05-09 7:00
"""美빌보드보다, 멜론 1위 더 힘들다"" 지금 이런 말 나온 이유",2022-05-02 5:00
"빌보드 꼽은 '음악산업 파워 플레이어', 하이브·SM 나란히",2022-04-26 15:58
"K팝 ETF, 뉴욕증시 상장벨 울린다…작년 한국 수익 성적표는",2022-04-25 5:00
[문소영의 문화가 암시하는 사회] K팝부터 아이스크림·라면에까지 설정된 ‘세계관’이란,2022-04-22 0:32
르세라핌 미니 앨범 선주문 27만장…30만장 넘길 듯,2022-04-21 11:12
"빅뱅 컴백, ‘피지컬 앨범’ 아닌 ‘디지털 싱글’이라 실망했다, 이게 무슨 말? [알려드립니다]",2022-04-20 7:00
"음원 유통 강자 vs 오디션 귀재, IP 알부자 SM 누구 손을 잡나",2022-04-18 14:00
"""해외 넘어 국내 노린다""…어디서 터질지 모르는 'K팝 로또'",2022-04-14 7:00
하이브는 내년이 두렵다…이익 67% 안겨주는 BTS 입대 해법은,2022-04-12 6:00
네이버서 Z세대 뺏어왔다…‘덕질 놀이터’ K팝 팬플랫폼,2022-04-12 0:03
"한국 정치, 군대 빌미로 BTS 이용하는 짓 멈춰라 [임명묵이 고발한다]",2022-04-12 0:01
타임 100대 기업 신기한 징크스…'BTS의 방시혁'이 못푼 숙제,2022-04-01 5:00
직원 연봉 2억 시대…연봉킹은 게임·엔터,2022-04-01 0:04
타임 '영향력 있는 100대 기업'에 하이브…방시혁·방탄소년단 표지모델,2022-03-31 18:55
직원 연봉 2억 시대…봉급쟁이 ‘부의 지도’가 바뀐다,2022-03-31 18:24
삼성 빠지고 '아기상어'가 꿰찼다…'타임' 100대 기업 놀라운 변화,2022-03-31 16:50
BTS 군대 가도 1458만명 팬미팅하는 곳…K팝 키우는 팬플랫폼 [K팝 세계화 리포트],2022-03-31 5:00
하이브 상장 당일 시총 8조…韓엔터계에 떨어진 '다이너마이트' [K팝 세계화 리포트],2022-03-31 5:00
"가수 찍는 공장?…""재능만 보지 않는다"" 집단 뭉친 K팝 원천기술 [K팝 세계화 리포트]",2022-03-30 5:00
"CEO보다 훨씬 더 받았다, 임직원 ‘연봉킹’ 누구?",2022-03-16 0:04
BTS 만든 공신은 400억 받았다…돈방석 앉은 '연봉킹들' 누구,2022-03-15 17:19
2년 겨울잠 깨어난 K팝 공연…2주 뒤엔 잠실벌에 BTS 뜬다,2022-02-24 0:03
연일 최다 확진자 난리지만 K팝은 이미 포스트 코로나,2022-02-23 10:44
광고 휩쓸더니 YG·하이브 업고 가수 데뷔…늙지않는 이 신인,2022-02-16 10:31
"‘제2 브레이브걸스’ 되나…프로미스나인, 역주행 왜",2022-01-20 0:03
제2의 브레이브걸스 되나? 프로미스나인 역주행 왜?,2022-01-19 16:19
"범 잡는 7명의 영웅이 떴다, 웹툰 출연한 BTS",2022-01-17 0:03
"""BTS 출연한 '세븐 페이츠: 착호', 우리도 글로벌 반응 궁금""",2022-01-16 17:00
"매출 3조' 두나무가 메타버스에 뛰어든 이유?...이석우 대표 ""NFT 자랑할 판 만들 것""",2022-01-12 7:45
1년새 786% 폭등…현대차 정의선 맹추격한 주식부자 15위는,2021-12-28 12:28
"이수만·방시혁·봉준호, 美버라이어티지가 꼽은 '세계 리더'",2021-12-22 14:04
"방탄아빠' 방시혁, '오겜' 황동혁…블룸버그 '올해의 50인' 선정",2021-12-02 10:44
“방시혁 배우겠다” 서울대 유학 온 ‘미스 인도네시아’,2021-11-09 0:03
"미스 인도네시아, 장관 보좌관 그만두고 서울대 온 까닭",2021-11-08 6:00
오은영도 걱정한 걸그룹 오디션…안봐도 포기 못하는 이유,2021-11-07 15:20
위드 코로나'에 웃는 여행·엔터…주가도 날개 달았다,2021-10-29 16:00
"카카오만 집중적으로 때렸는데, 네이버 왜 덩달아 폭락했나 [View &amp; Review]",2021-09-13 0:04
BTS소속사 임원도 아닌데…38세에 연봉 400억 받는 직원,2021-08-17 22:51
음악예능의 달인 권태은 “가장 애착 가는 건 팬텀싱어”,2021-07-28 0:03
음악예능 산 역사 권태은 “팬텀싱어 가장 힘들었지만 애착”,2021-07-27 15:00
[앤츠랩]그냥 기획사 아닙니다…플랫폼 왕국 노리는 엔터 강자[앤츠랩],2021-07-25 10:00
"대통령 특별사절 된 BTS…팬들 ""부를 거면 군 면제 해달라""",2021-07-22 8:44
"7년전 부인 사별' 이수만, 청담동 49억 빌라 준 女기자는",2021-07-21 17:23
"BTS 아버지' 방시혁 자산 두배 됐다···주가 폭등, 3조7000억",2021-07-13 10:51
증권가 상륙한 메타버스…관련기업 투자 펀드 줄잇는다,2021-07-01 0:03
증권가에 상륙한 '메타버스'…펀드 출시에 수혜주 찾기 분주,2021-06-30 17:36
"콘서트 재개 기대감…하이브 최고가, 에스엠 82% ‘껑충’",2021-06-21 0:03
"콘서트 재개 기대감…하이브 최고가 경신, 에스엠 81% '껑충'",2021-06-20 15:56
"오리콘 차트 1위 세븐틴, 밀접접촉자로 분류돼 컴백활동 연기",2021-06-20 12:31
"명품쇼핑·미용실, 강남은 뻔해…복고·개성 ‘강북스타일’ 뜬다",2021-06-18 0:00
"나는 여기서 BTS 진이랑 이야기 한다! ‘덕질' 문화의 결정판, 팬 커뮤니티 플랫폼 '위버스'",2021-06-04 9:38
"[폴인인사이트]데이터사이언티스트 차현나 ""데이터가 진짜로 일하게 하려면""",2021-05-22 10:00
용산 시대 연 하이브의 오감 충족 뮤지엄…K팝 새 성지 될까,2021-05-14 10:14
"포스트 BTS를 찾아라, 아메리카로 뻗는 K팝 오디션",2021-05-10 0:03
포스트 BTS를 북?남미에서 찾는다…지도 넓히는 K팝 오디션,2021-05-09 15:10
타임지 첫 '100대 영향력 기업' 에 화이자·모더나…AZ는 빠져,2021-04-28 11:38
"‘보상 몸살’ 앓던 네이버, 직원에 매년 주식 1000만원어치 준다",2021-04-19 17:39
"BTS 소속사 하이브, 저스틴 비버와 아리아나 그란데 품는다",2021-04-02 19:11
[앤츠랩]BTS 군대 가면 끝? 빅히트 놀라운 광폭행보,2021-04-02 10:00
"방시혁 “빅히트→하이브 변경, 엔터테인먼트로는 한계 있어”",2021-03-19 13:48
BTS 소속사 '빅히트'에서 '하이브'로 사명 변경 추진,2021-03-10 23:22
